Customer ID,Customer Name,Region,Email,Phone,Industry,Customer City,Country,Zip
1,Lauren Barr,North,morganamy@gmail.com,001-508-070-2916x67243,Healthcare,Johnstonville,UK,77597
2,Mary Beard,South,shannon87@hotmail.com,420-109-5170,Education,Port Shelleyton,Australia,86104
3,Keith Rodriguez,North,charlesbarnes@reeves.com,001-789-191-8379x677,Hospitality,West Tracyfurt,India,57612
4,Karen Frazier,East,fhernandez@yahoo.com,+1-021-627-2409x9163,Education,Samuelport,France,08929
5,James Harrell,South,john44@mcbride.biz,091.780.9802x12362,Retail,Jessicabury,USA,30154
6,Jaime James,South,shill@hotmail.com,(648)029-4346x89172,Healthcare,Stevenport,Australia,68089
7,Paul Kane,East,paynechristine@cruz-hall.biz,+1-763-584-6812x4839,Education,Davisberg,UK,14052
8,Mark Edwards,East,jilljohnson@hall-clark.com,+1-499-968-8829x53607,Technology,Port Stephaniefort,USA,31018
9,Katherine Caldwell,East,joycestacy@williams.com,+1-712-315-6037x309,Education,Port Shannon,Germany,10373
10,Richard Norton,North,pbaker@jones.com,338.921.1604x3877,Healthcare,Jessicachester,Canada,53724
11,Bonnie Phillips,West,pburke@bond-blair.com,751-842-4673,Manufacturing,East Diana,UK,49217
12,Ryan Montgomery,East,lewislinda@solis-mcgee.com,(611)477-2800,Technology,Port Davidside,Germany,97818
13,James Wright,East,hallamanda@yahoo.com,+1-734-807-9608,Retail,Terrellmouth,France,75062
14,Kyle Anderson,South,brett58@yahoo.com,001-631-350-3898x453,Healthcare,Pricebury,UK,87674
15,Douglas Good,East,morganlopez@jenkins.net,(807)540-1679x282,Education,Port Sherry,France,15697
16,Daniel Martin,South,amyvasquez@simmons.biz,927.805.8764x65837,Hospitality,Samanthaborough,Germany,02094
17,Patrick Turner,West,leebobby@young.com,(659)358-8522x4883,Manufacturing,Callahanborough,India,34800
18,Ashley Phillips,North,edward18@yahoo.com,+1-890-889-6669x54557,Retail,Bernardland,India,57501
19,Michael Wright,East,ncarr@gmail.com,001-398-928-6314x538,Technology,Michaelfort,India,73888
20,Thomas Bond,East,smithleah@white-lee.org,001-754-618-6492x140,Hospitality,North Lindashire,UK,43941
21,Christopher Steele,East,julielawson@gmail.com,202-237-3109,Hospitality,Timland,Germany,63799
22,Diana Rivera,West,carlsonjoshua@yahoo.com,001-619-323-3051,Healthcare,New Teresa,USA,41597
23,Robert Golden,North,ramosjoseph@gmail.com,(983)765-0794,Finance,Morgantown,India,06477
24,Mitchell Ellis,West,newmanmichael@hotmail.com,475.469.2868,Hospitality,South Matthewberg,Germany,88892
25,John Anthony,South,taylormackenzie@hotmail.com,693-552-2398x8818,Education,Carolside,UK,17212
26,Nicholas Reynolds,East,cynthiachase@gmail.com,465-020-3143x079,Technology,Sheaberg,UK,46808
27,Mark Henson,North,ioconnell@yahoo.com,784.272.1548x518,Education,New Timothyport,Canada,98847
28,Cindy Graham,South,lindagarcia@gmail.com,197-479-9893x150,Healthcare,Campbellport,Canada,79188
29,Alexander Fischer,North,wheelercraig@yahoo.com,252-025-9424x092,Finance,Nicholasville,UK,69297
30,Dana Grant,South,pamelayoung@gmail.com,299-620-2001x26704,Manufacturing,Wileyton,UK,89848
31,Nicole Maynard,South,michaellee@hotmail.com,+1-732-561-2563x86707,Finance,Ortizview,Australia,40049
32,Kristina Hudson,East,cuevasalan@gmail.com,977-902-1178,Finance,Port Josephmouth,Canada,34407
33,Darrell Peterson,North,gary28@gmail.com,+1-341-480-6654,Manufacturing,Shawntown,France,79057
34,David Gibson,East,bbarajas@richards.info,436-866-5408,Healthcare,South Jimmyshire,Canada,02708
35,Patrick Young,North,charles41@buck.com,+1-147-194-8031,Manufacturing,Meyerport,France,63372
36,William Sanchez,West,ashleylittle@yahoo.com,(069)582-7666x9434,Healthcare,Barryburgh,India,42155
37,Terry James,East,wjohnson@phillips.com,172.165.2656x5676,Healthcare,New Cassandrachester,Canada,39677
38,Ashley Anderson,West,zwebb@caldwell.com,001-510-795-5139x02279,Hospitality,East Michelleside,UK,47675
39,Dennis Wilson,North,kevinjohns@davis-trujillo.com,698.527.9309x03481,Healthcare,Heidishire,France,30111
40,Eric Davis,South,matthew85@malone-bentley.net,655-622-3251,Hospitality,North Joshua,France,76832
41,Cynthia Dorsey MD,South,ohart@hotmail.com,(570)645-7058,Manufacturing,Danielside,Australia,05200
42,Daniel Mendez,East,maryschroeder@crane-berg.net,+1-305-855-9415x481,Education,New Lindsey,Canada,92020
43,Debbie Stewart,East,rnichols@gutierrez.com,(005)181-7443x232,Manufacturing,Stephanieport,Germany,95826
44,Kathryn Ware,South,xgraham@gmail.com,+1-725-937-1548x8770,Finance,Lake Heather,India,50794
45,Hunter Schultz,South,katiedean@cunningham-keller.com,+1-855-731-5584x94615,Hospitality,West Jeffreyfurt,France,79340
46,Traci Jones,South,fdavis@gmail.com,431.938.4025x42176,Healthcare,New Tyler,Canada,18439
47,David Hodge,West,tammyfrederick@hotmail.com,207-090-4642,Finance,Charlesborough,India,00886
48,Javier Schwartz,East,frojas@gmail.com,641.537.8179x303,Manufacturing,Lake Amandaside,India,96155
49,Tammie Miller,South,jordanliu@thompson.biz,001-526-554-9039,Education,Sandersville,USA,72323
50,Kelsey James,North,ksmith@yahoo.com,001-308-902-6078x1096,Healthcare,Watersbury,Germany,45352
51,Lauren Johnson,North,gtorres@armstrong.com,575.029.4107,Healthcare,North Robin,Australia,19669
52,Christopher Adams,North,julie23@gmail.com,(996)975-0219x40569,Retail,Lake Luke,Germany,08234
53,Amanda Cunningham,West,rodriguezbethany@wolfe-stewart.com,187.423.0166x722,Hospitality,Johnsonview,India,83885
54,Robin Williams,East,stephanie01@yahoo.com,001-321-422-2887x0781,Finance,New Melanieside,Germany,33786
55,Mitchell Wilson,South,tdillon@hotmail.com,(032)904-3783x280,Hospitality,Port Joseph,India,25946
56,Craig Montgomery,North,jacquelinemeyer@fox.biz,859-334-2465x641,Healthcare,Lake Daniel,Australia,48280
57,Francis Coleman,East,qscott@yahoo.com,001-315-550-9074x046,Education,North Christopher,India,87790
58,Molly Wilson,East,erica15@joseph.biz,834-575-1124x782,Finance,Bishopmouth,UK,70585
59,Stephanie Smith,North,jenkinsjamie@deleon.biz,225.804.1330x69880,Healthcare,South Benjaminstad,Australia,04053
60,Michael Le,South,mcdonaldkara@benjamin.com,863.101.5253,Finance,Harperville,Canada,29596
61,Jared Johnson,West,henrymaxwell@rubio-richardson.com,9417155347,Manufacturing,Popetown,Australia,18955
62,Alan Vaughan,South,imartin@reese.com,717.718.2479x3653,Finance,Perryshire,Canada,70199
63,Joshua Cunningham,North,jeffersonjonathan@yahoo.com,001-065-167-8216,Finance,Port Maryfort,Australia,34215
64,Wendy Crane,East,sotocatherine@hotmail.com,020.554.5576x06497,Healthcare,Johnstonborough,Canada,79692
65,John Baker,South,brianarnold@whitehead.com,931-837-0523,Healthcare,Port Erica,Australia,64516
66,Adrian Swanson,East,afletcher@diaz-lewis.com,001-322-140-5438,Technology,Hannahburgh,France,18156
67,Mrs. Jamie Smith,South,laurasilva@jones.com,758-043-4566x61888,Finance,South Nathanside,Germany,14238
68,Carla Vazquez,South,dorseyraymond@fuller.biz,399-477-8339,Manufacturing,East Nicholas,France,83621
69,Matthew Owens DDS,West,yskinner@warner.org,(073)396-9133,Retail,East Ryanland,Australia,68287
70,Gabriel Hebert,East,travisfrancis@yahoo.com,001-051-148-2611x0853,Healthcare,North Jesus,Germany,70151
71,Mary White,East,xwood@yahoo.com,(039)491-1603x90000,Manufacturing,Larryport,UK,52808
72,Vanessa Fernandez,South,bethrodriguez@yahoo.com,092-865-3560x95413,Education,Juliamouth,Canada,22270
73,James Martinez,North,jordanjeffrey@reyes.org,+1-164-409-8378x1191,Technology,South Aaronmouth,UK,44461
74,Joel Mason,East,jenniferhunter@hotmail.com,+1-036-240-9829x5056,Education,Greenview,India,76158
75,Kristy Schwartz,South,oaustin@hotmail.com,(677)568-7828x17783,Manufacturing,South Lauramouth,Australia,97168
76,Colin Morgan,East,william43@gmail.com,(224)089-4002x340,Retail,Scotthaven,Germany,75163
77,Ian Hodges,North,melvin09@dawson.com,427.056.7122,Retail,Mccormickmouth,UK,44659
78,Michael Park,East,riceronald@bennett.biz,359.259.2203x568,Finance,Ellisonside,France,98659
79,Jordan Humphrey,North,maciastara@gmail.com,211-883-7193,Manufacturing,Stacymouth,France,12804
80,Aaron Randolph,West,adamsnathaniel@gmail.com,076.096.8136,Finance,New Kelseymouth,UK,50562
81,Andrew Morris,East,caitlin01@mullins.org,(264)260-3039x140,Education,Port Hectortown,Australia,88286
82,Mrs. Christina Hurst,South,dennisgonzalez@farrell-mccoy.org,+1-253-627-0523x333,Education,New Stephanie,USA,42561
83,Joe Keller,East,timothynguyen@hanson.net,058-580-0199x423,Education,Jonesberg,Germany,32088
84,Alyssa Thomas,West,stevenscott@yahoo.com,564.323.8951x64005,Finance,Port Amberview,France,15895
85,Sarah Ramirez,East,silvajohn@andrade.org,001-634-073-4122x588,Hospitality,Lake Danielmouth,France,05008
86,Heather Scott,East,daniellemorse@gonzalez.com,200-163-0620x052,Manufacturing,Port Marcus,Canada,92663
87,Phillip Moore,South,steve35@brown.net,192.356.6362x0437,Retail,Bensonbury,UK,85701
88,Mark Davenport,South,cobbbarbara@martinez.com,001-494-033-3540x7296,Healthcare,Lake Donaldstad,India,29763
89,Taylor Bates,West,michael66@yahoo.com,+1-565-789-4620x662,Healthcare,Hodgesmouth,France,68302
90,Jonathan Richards,West,stewartchristina@yahoo.com,051-798-9014,Healthcare,Port James,Germany,30162
91,Lonnie Graham,West,vaughancharles@butler.net,098.226.2921x7607,Manufacturing,Sharonview,France,96033
92,Kimberly Collins,South,erikagomez@gmail.com,001-054-140-2669x719,Retail,Lake Derekberg,Australia,88908
93,Kendra Leon,North,robertrobertson@pierce.com,041-227-7699x738,Education,Vegaland,UK,92188
94,Jessica Burns,South,megan94@mueller.com,(404)542-8279,Finance,North Michaelhaven,Canada,36865
95,Nicholas Scott,North,davidanderson@hotmail.com,001-014-015-7408x36266,Technology,North Joseph,UK,47251
96,Christina Lopez,South,melindaoneill@yahoo.com,(968)396-7459x04983,Hospitality,Andrewport,USA,85504
97,Laura Mitchell,West,erica48@yahoo.com,(899)525-6049x70207,Hospitality,Matthewmouth,Australia,69819
98,Christopher Chavez,South,stephaniecooper@gmail.com,+1-675-857-2113x944,Healthcare,South Jacobview,India,99837
99,Victoria Curtis,South,davidgilbert@gmail.com,001-997-705-1977x706,Retail,Port Michael,France,81757
100,Valerie Wells,North,angel71@rogers.org,(378)851-9716x2973,Education,Lake Robertside,Canada,82423
